<application>
  <component name="ProjectManager">
    <defaultProject>
      <component name="Encoding" addBOMForNewFiles="with BOM under Windows, with no BOM otherwise" />
      <component name="WindowStateProjectService">
        <state x="1893" y="437" width="910" height="688" key="Rider.NewProjectDialog.Size" timestamp="1724415269767">
          <screen x="0" y="32" width="3440" height="1408" />
        </state>
        <state x="1893" y="437" width="910" height="688" key="Rider.NewProjectDialog.Size/0.32.3440.1408" timestamp="1724415269767" />
      </component>
    </defaultProject>
  </component>
</application>