<application>
  <component name="Trusted.Paths">
    <option name="TRUSTED_PROJECT_PATHS">
      <map>
        <entry key="$APPLICATION_CONFIG_DIR$/thinProject" value="true" />
        <entry key="$USER_HOME$/Dotfiles" value="true" />
        <entry key="$USER_HOME$/RiderProjects/ConsoleApp1" value="true" />
        <entry key="$USER_HOME$/RiderProjects/ConsoleApp1/.idea/.idea.ConsoleApp1" value="true" />
        <entry key="$USER_HOME$/RiderProjects/ConsoleAppTest" value="true" />
        <entry key="$USER_HOME$/RiderProjects/ConsoleAppTest/.idea/.idea.ConsoleAppTest" value="true" />
        <entry key="$USER_HOME$/Software/kajrepo/Demokode/OnionDemo" value="true" />
        <entry key="$USER_HOME$/Software/kajrepo/U01-EjendomBeregner" value="true" />
      </map>
    </option>
  </component>
</application>