<application>
  <component name="DimensionService">
    <location key="find.popup.0.0.3440.1440" x="2257" y="167" />
    <size key="GridCell.Tab.0.left.0.0.3440.1440" width="1636" height="368" />
    <size key="GridCell.Tab.0.center.0.0.3440.1440" width="1636" height="368" />
    <size key="GridCell.Tab.0.right.0.0.3440.1440" width="1636" height="368" />
    <size key="GridCell.Tab.0.bottom.0.0.3440.1440" width="1636" height="368" />
    <size key="GridCell.Tab.1.left.0.0.3440.1440" width="1636" height="367" />
    <size key="GridCell.Tab.1.center.0.0.3440.1440" width="1636" height="367" />
    <size key="GridCell.Tab.1.right.0.0.3440.1440" width="1636" height="367" />
    <size key="GridCell.Tab.1.bottom.0.0.3440.1440" width="1636" height="367" />
    <size key="GridCell.Tab.2.left.0.0.3440.1440" width="1636" height="367" />
    <size key="GridCell.Tab.2.center.0.0.3440.1440" width="1636" height="367" />
    <size key="GridCell.Tab.2.right.0.0.3440.1440" width="1636" height="367" />
    <size key="GridCell.Tab.2.bottom.0.0.3440.1440" width="1636" height="367" />
    <size key="GridCell.Tab.3.left.0.0.3440.1440" width="1636" height="367" />
    <size key="GridCell.Tab.3.center.0.0.3440.1440" width="1636" height="367" />
    <size key="GridCell.Tab.3.right.0.0.3440.1440" width="1636" height="367" />
    <size key="GridCell.Tab.3.bottom.0.0.3440.1440" width="1636" height="367" />
    <size key="GridCell.Tab.4.left.0.0.3440.1440" width="1636" height="367" />
    <size key="GridCell.Tab.4.center.0.0.3440.1440" width="1636" height="367" />
    <size key="GridCell.Tab.4.right.0.0.3440.1440" width="1636" height="367" />
    <size key="GridCell.Tab.4.bottom.0.0.3440.1440" width="1636" height="367" />
    <size key="GridCell.Tab.5.left.0.0.3440.1440" width="1636" height="367" />
    <size key="GridCell.Tab.5.center.0.0.3440.1440" width="1636" height="367" />
    <size key="GridCell.Tab.5.right.0.0.3440.1440" width="1636" height="367" />
    <size key="GridCell.Tab.5.bottom.0.0.3440.1440" width="1636" height="367" />
    <size key="GridCell.Tab.6.left.0.0.3440.1440" width="1636" height="367" />
    <size key="GridCell.Tab.6.center.0.0.3440.1440" width="1636" height="367" />
    <size key="GridCell.Tab.6.right.0.0.3440.1440" width="1636" height="367" />
    <size key="GridCell.Tab.6.bottom.0.0.3440.1440" width="1636" height="367" />
    <size key="find.popup.0.0.3440.1440" width="708" height="560" />
  </component>
  <component name="WindowManager">
    <frame x="1720" y="32" width="1720" height="1408" extendedState="4" />
  </component>
  <component name="WindowStateApplicationService">
    <state x="480" y="477" width="750" height="524" key="APPLICATION_WIDE_STORE_#rider.projectView.actions.properties.EditPropertiesDialogProject" timestamp="1725440316696">
      <screen x="0" y="32" width="3440" height="1408" />
    </state>
    <state x="480" y="477" width="750" height="524" key="APPLICATION_WIDE_STORE_#rider.projectView.actions.properties.EditPropertiesDialogProject/0.32.3440.1408" timestamp="1725440316696" />
    <state x="893" y="366" width="424" height="491" key="FileChooserDialogImpl" timestamp="1725459399386">
      <screen x="0" y="32" width="3440" height="1408" />
    </state>
    <state x="893" y="366" width="424" height="491" key="FileChooserDialogImpl/0.32.3440.1408" timestamp="1725459399386" />
    <state x="1720" y="736" width="1720" height="1408" key="WELCOME_SCREEN" timestamp="1725801057612">
      <screen x="0" y="32" width="3440" height="1408" />
    </state>
    <state x="1720" y="736" width="1720" height="1408" key="WELCOME_SCREEN/0.32.3440.1408" timestamp="1725801057612" />
  </component>
</application>