<application>
  <component name="Trusted.Paths">
    <option name="TRUSTED_PROJECT_PATHS">
      <map>
        <entry key="$APPLICATION_CONFIG_DIR$/thinProject" value="true" />
        <entry key="$USER_HOME$/Dotfiles" value="true" />
        <entry key="$USER_HOME$/RiderProjects/ConsoleApp1" value="true" />
        <entry key="$USER_HOME$/RiderProjects/ConsoleApp1/.idea/.idea.ConsoleApp1" value="true" />
        <entry key="$USER_HOME$/RiderProjects/ConsoleAppTest" value="true" />
        <entry key="$USER_HOME$/RiderProjects/ConsoleAppTest/.idea/.idea.ConsoleAppTest" value="true" />
        <entry key="$USER_HOME$/RiderProjects/DocerTest" value="true" />
        <entry key="$USER_HOME$/RiderProjects/DocerTest/.idea/.idea.DocerTest" value="true" />
        <entry key="$USER_HOME$/Software/Lathisyaa" value="true" />
        <entry key="$USER_HOME$/Software/ProjectAnchor" value="true" />
        <entry key="$USER_HOME$/Software/bajclean" value="true" />
        <entry key="$USER_HOME$/Software/core" value="true" />
        <entry key="$USER_HOME$/Software/core/assets" value="true" />
        <entry key="$USER_HOME$/Software/kajrepo/Demokode/OnionDemo" value="true" />
        <entry key="$USER_HOME$/Software/kajrepo/U01-EjendomBeregner" value="true" />
        <entry key="$USER_HOME$/Software/live_svelte-master/example_project" value="true" />
        <entry key="$USER_HOME$/Software/live_svelte-master/example_project/assets" value="true" />
        <entry key="$USER_HOME$/Software/my-svelte-app" value="true" />
        <entry key="$USER_HOME$/Software/my_app" value="true" />
        <entry key="$USER_HOME$/Software/next-supabase-saas-kit-turbo" value="true" />
        <entry key="$USER_HOME$/Software/pheonix_anchor/assets" value="true" />
        <entry key="$USER_HOME$/Software/pheonix_test" value="true" />
        <entry key="$USER_HOME$/Software/pheonix_test/assets" value="true" />
        <entry key="$USER_HOME$/Software/pure_liveview" value="true" />
        <entry key="$USER_HOME$/Software/pure_liveview/assets" value="true" />
        <entry key="$USER_HOME$/Software/svelte_test" value="true" />
        <entry key="$USER_HOME$/WebstormProjects/next-supabase-saas-kit" value="true" />
        <entry key="$USER_HOME$/projects/2024E-DMVE231-3-sem" value="true" />
        <entry key="$USER_HOME$/projects/2024E-DMVE231-3-sem/Demokode/OnionDemo" value="true" />
        <entry key="$USER_HOME$/projects/2024E-DMVE231-3-sem/Demokode/XunitOgMoqDemokode" value="true" />
        <entry key="$USER_HOME$/projects/2024E-DMVE231-3-sem/U01-EjendomBeregner" value="true" />
        <entry key="$USER_HOME$/projects/2024E-DMVE231-3-sem/U01-EjendomBeregner/.idea/.idea.EjendomBeregner" value="true" />
      </map>
    </option>
  </component>
</application>