<keymap version="1" name="IntelliJ copy" parent="$default">
  <action id="ForceStepInto">
    <keyboard-shortcut first-keystroke="f" second-keystroke="i" />
  </action>
  <action id="ForceStepOver">
    <keyboard-shortcut first-keystroke="f" second-keystroke="o" />
  </action>
  <action id="GoToProject">
    <keyboard-shortcut first-keystroke="shift ctrl alt g" />
  </action>
  <action id="HideAllWindows">
    <keyboard-shortcut first-keystroke="shift ctrl alt s" />
  </action>
  <action id="Jdbc.OpenConsole.New.Generate">
    <keyboard-shortcut first-keystroke="c" />
  </action>
  <action id="SmartStepInto">
    <keyboard-shortcut first-keystroke="s" second-keystroke="i" />
  </action>
  <action id="StepInto">
    <keyboard-shortcut first-keystroke="i" />
  </action>
  <action id="StepOut">
    <keyboard-shortcut first-keystroke="u" />
  </action>
  <action id="StepOver">
    <keyboard-shortcut first-keystroke="o" />
  </action>
  <action id="Stop">
    <keyboard-shortcut first-keystroke="x" />
  </action>
  <action id="Uml.CollapseNodes" />
  <action id="VimFindActionIdAction">
    <keyboard-shortcut first-keystroke="shift ctrl alt enter" />
  </action>
</keymap>